,id,name,popularity,artist_name,explicit,release date,danceability,energy,loudness,mode,speechiness,acousticness,instrumentalness,liveness,valence,tempo,genres,hollywood,show tunes,post-teen pop,broadway,vocal jazz,alternative hip hop,conscious hip hop,east coast hip hop,gangster rap,hardcore hip hop,hip hop,queens hip hop,rap,atl hip hop,dance pop,pop,pop rap,r&b,urban contemporary,deep talent show,movie tunes,philly rap,southern hip hop,australian dance,australian pop,deep underground hip hop,indie pop rap,trap,underground hip hop
0,3IkWmgGsXbsafrunwPojXO,From Now On,74,Hugh Jackman,False,2017-12-08,0.516,0.518,-10.383,1,0.04,0.00483,0.00895,0.585,0.0834,108.027,"['hollywood', 'show tunes']",1,1,0,0,0,0,0,0,0,0,0,0,0,0,0,0,0,0,0,0,0,0,0,0,0,0,0,0,0
1,0GVuLQtPXFaL18ijEOqoAa,Tightrope,71,Michelle Williams,False,2017-12-08,0.351,0.331,-10.316,1,0.0382,0.3,9.14e-06,0.0919,0.191,161.564,['hollywood'],1,0,0,0,0,0,0,0,0,0,0,0,0,0,0,0,0,0,0,0,0,0,0,0,0,0,0,0,0
2,2cKovq3l6OJjhVVDbVKOsr,The Other Side,75,Hugh Jackman,False,2017-12-08,0.638,0.795,-8.45,1,0.302,0.00433,0.00139,0.153,0.31,153.99,"['hollywood', 'show tunes']",1,1,0,0,0,0,0,0,0,0,0,0,0,0,0,0,0,0,0,0,0,0,0,0,0,0,0,0,0
3,65fpYBrI8o2cfrwf2US4gq,Rewrite The Stars,78,Zac Efron,False,2017-12-08,0.684,0.619,-7.005,1,0.0386,0.0716,0.0,0.122,0.284,125.046,"['hollywood', 'post-teen pop', 'show tunes']",1,1,1,0,0,0,0,0,0,0,0,0,0,0,0,0,0,0,0,0,0,0,0,0,0,0,0,0,0
4,0RoA7ObU6phWpqhlC9zH4Z,A Million Dreams,77,Ziv Zaifman,False,2017-12-08,0.265,0.312,-11.689,1,0.0569,0.243,0.0,0.0893,0.0998,54.747,['show tunes'],0,1,0,0,0,0,0,0,0,0,0,0,0,0,0,0,0,0,0,0,0,0,0,0,0,0,0,0,0
5,4TTV7EcfroSLWzXRY6gLv6,Alexander Hamilton,71,Leslie Odom Jr.,False,2015-09-25,0.609,0.435,-7.862,0,0.284,0.524,0.0,0.118,0.563,131.998,"['broadway', 'show tunes', 'vocal jazz']",0,1,0,1,1,0,0,0,0,0,0,0,0,0,0,0,0,0,0,0,0,0,0,0,0,0,0,0,0
6,4cxvludVmQxryrnx1m9FqL,My Shot,70,Lin-Manuel Miranda,True,2015-09-25,0.829,0.649,-6.764,1,0.317,0.15,0.0,0.0904,0.569,90.936,"['hollywood', 'show tunes']",1,1,0,0,0,0,0,0,0,0,0,0,0,0,0,0,0,0,0,0,0,0,0,0,0,0,0,0,0
7,3nJYcY9yvKP8Oi2Ml8brXt,Right Hand Man,66,Lin-Manuel Miranda,True,2015-09-25,0.68,0.413,-9.41,1,0.492,0.177,0.0,0.205,0.384,158.58,"['hollywood', 'show tunes']",1,1,0,0,0,0,0,0,0,0,0,0,0,0,0,0,0,0,0,0,0,0,0,0,0,0,0,0,0
8,7qfoq1JFKBUEIvhqOHzuqX,Non-Stop,66,Leslie Odom Jr.,False,2015-09-25,0.772,0.482,-9.529,1,0.351,0.211,0.0,0.223,0.441,92.017,"['broadway', 'show tunes', 'vocal jazz']",0,1,0,1,1,0,0,0,0,0,0,0,0,0,0,0,0,0,0,0,0,0,0,0,0,0,0,0,0
9,54Sc7mZQ1RM03STpk4SfaA,Helpless,68,Phillipa Soo,False,2015-09-25,0.688,0.491,-7.494,1,0.269,0.335,0.0,0.0914,0.737,79.011,"['hollywood', 'show tunes']",1,1,0,0,0,0,0,0,0,0,0,0,0,0,0,0,0,0,0,0,0,0,0,0,0,0,0,0,0
10,3dP0pLbg9OfVwssDjp9aT0,Satisfied,69,Renée Elise Goldsberry,False,2015-09-25,0.706,0.593,-8.581,0,0.0902,0.287,0.0,0.15,0.481,123.774,"['hollywood', 'show tunes']",1,1,0,0,0,0,0,0,0,0,0,0,0,0,0,0,0,0,0,0,0,0,0,0,0,0,0,0,0
11,0Iys022UwQ8xBfxE1g4nWZ,One Last Time,63,Christopher Jackson,False,2015-09-25,0.535,0.421,-9.624,1,0.268,0.633,0.0,0.0805,0.398,132.044,"['hollywood', 'show tunes']",1,1,0,0,0,0,0,0,0,0,0,0,0,0,0,0,0,0,0,0,0,0,0,0,0,0,0,0,0
12,40LYL1Z6xgCn5cBybo5K0D,It's Quiet Uptown,63,Renée Elise Goldsberry,False,2015-09-25,0.519,0.187,-14.076,1,0.0421,0.796,0.0,0.0785,0.226,129.442,"['hollywood', 'show tunes']",1,1,0,0,0,0,0,0,0,0,0,0,0,0,0,0,0,0,0,0,0,0,0,0,0,0,0,0,0
13,7EsSVPxaYoAZjQwhspJBs2,"Who Lives, Who Dies, Who Tells Your Story",63,Original Broadway Cast of Hamilton,False,2015-09-25,0.354,0.326,-9.68,1,0.0901,0.779,0.0,0.0904,0.156,75.498,"['broadway', 'hollywood', 'show tunes']",1,1,0,1,0,0,0,0,0,0,0,0,0,0,0,0,0,0,0,0,0,0,0,0,0,0,0,0,0
14,0NJWhm3hUwIZSy5s0TGJ8q,The Story of Tonight,66,Lin-Manuel Miranda,False,2015-09-25,0.407,0.237,-10.579,1,0.053,0.835,0.0,0.648,0.612,95.111,"['hollywood', 'show tunes']",1,1,0,0,0,0,0,0,0,0,0,0,0,0,0,0,0,0,0,0,0,0,0,0,0,0,0,0,0
15,6oF8ueLn5hIl4PRp17sxW6,That Would Be Enough,64,Phillipa Soo,False,2015-09-25,0.473,0.2,-10.276,1,0.0357,0.818,0.0,0.115,0.186,137.189,"['hollywood', 'show tunes']",1,1,0,0,0,0,0,0,0,0,0,0,0,0,0,0,0,0,0,0,0,0,0,0,0,0,0,0,0
16,2sEq2rC3ynYsT49x7utWnd,Dear Theodosia,66,Leslie Odom Jr.,False,2015-09-25,0.601,0.222,-10.485,1,0.0303,0.906,4.11e-05,0.0723,0.271,106.754,"['broadway', 'show tunes', 'vocal jazz']",0,1,0,1,1,0,0,0,0,0,0,0,0,0,0,0,0,0,0,0,0,0,0,0,0,0,0,0,0
17,2TK2KSrzXD6W01qjXVjNGh,The Room Where It Happens,65,Leslie Odom Jr.,False,2015-09-25,0.638,0.49,-9.382,0,0.427,0.27,0.0,0.657,0.511,173.552,"['broadway', 'show tunes', 'vocal jazz']",0,1,0,1,1,0,0,0,0,0,0,0,0,0,0,0,0,0,0,0,0,0,0,0,0,0,0,0,0
18,6lsFGDo1IEEPFKh94c9kFe,Blow Us All Away,60,Anthony Ramos,True,2015-09-25,0.821,0.451,-10.178,1,0.427,0.388,0.0,0.563,0.675,88.543,"['hollywood', 'show tunes']",1,1,0,0,0,0,0,0,0,0,0,0,0,0,0,0,0,0,0,0,0,0,0,0,0,0,0,0,0
19,0LpHC9mhPAQC98IjXZIrif,The Election of 1800,61,Daveed Diggs,True,2015-09-25,0.731,0.42,-10.199,1,0.463,0.319,0.0,0.306,0.645,67.41,['alternative hip hop'],0,0,0,0,0,1,0,0,0,0,0,0,0,0,0,0,0,0,0,0,0,0,0,0,0,0,0,0,0
20,3bRHPkiV43QCgzAJ5IuV65,Look Down,45,Hugh Jackman,False,2013-01-01,0.406,0.367,-12.006,0,0.151,0.903,0.0,0.128,0.333,76.019,"['hollywood', 'show tunes']",1,1,0,0,0,0,0,0,0,0,0,0,0,0,0,0,0,0,0,0,0,0,0,0,0,0,0,0,0
21,3WoatVXvmr0qK7xVcVIyPi,Master Of The House,44,Sacha Baron Cohen,False,2013-01-01,0.453,0.242,-13.384,1,0.243,0.843,0.0,0.723,0.574,166.951,[],0,0,0,0,0,0,0,0,0,0,0,0,0,0,0,0,0,0,0,0,0,0,0,0,0,0,0,0,0
22,0g8H61FNXHHhMVHB0jwdzH,Do You Hear The People Sing?,52,Aaron Tveit,False,2013-01-01,0.328,0.384,-10.323,1,0.0379,0.886,0.0,0.143,0.504,76.744,"['broadway', 'hollywood', 'show tunes']",1,1,0,1,0,0,0,0,0,0,0,0,0,0,0,0,0,0,0,0,0,0,0,0,0,0,0,0,0
23,1v4kdQ6zcsgHSxKMHefzKV,The Club,50,'In The Heights' Original Broadway Company,False,2008-06-03,0.742,0.589,-6.966,1,0.134,0.666,2.83e-05,0.454,0.851,104.76,"['broadway', 'hollywood', 'show tunes']",1,1,0,1,0,0,0,0,0,0,0,0,0,0,0,0,0,0,0,0,0,0,0,0,0,0,0,0,0
24,0P09TBGSKiQwfUsEh1UafT,The World Was Wide Enough,61,Leslie Odom Jr.,False,2015-09-25,0.653,0.351,-12.776,1,0.648,0.466,0.0,0.107,0.309,116.605,"['broadway', 'show tunes', 'vocal jazz']",0,1,0,1,1,0,0,0,0,0,0,0,0,0,0,0,0,0,0,0,0,0,0,0,0,0,0,0,0
25,3QFWe1dM5oUY0O1TTKapUS,Wrote My Way Out,35,Nas,True,2016-11-18,0.607,0.697,-8.348,0,0.469,0.0757,0.0,0.464,0.206,89.214,"['conscious hip hop', 'east coast hip hop', 'gangster rap', 'hardcore hip hop', 'hip hop', 'queens hip hop', 'rap']",0,0,0,0,0,0,1,1,1,1,1,1,1,0,0,0,0,0,0,0,0,0,0,0,0,0,0,0,0
26,1mGO8rwCE9zk7H06OxcU5m,History Has Its Eyes on You,64,Christopher Jackson,False,2015-09-25,0.436,0.373,-9.769,0,0.0298,0.803,0.0,0.123,0.27,77.614,"['hollywood', 'show tunes']",1,1,0,0,0,0,0,0,0,0,0,0,0,0,0,0,0,0,0,0,0,0,0,0,0,0,0,0,0
27,3qEqxHQFSR6aFH0GKkWKrm,Wait For It,44,Usher,False,2016-11-18,0.514,0.742,-6.754,1,0.109,0.0467,5.1e-05,0.146,0.478,183.979,"['atl hip hop', 'dance pop', 'pop', 'pop rap', 'r&b', 'urban contemporary']",0,0,0,0,0,0,0,0,0,0,0,0,0,1,1,1,1,1,1,0,0,0,0,0,0,0,0,0,0
28,0Gl5s8IhMmQE5YQwM8Qx1J,Never Enough,77,Loren Allred,False,2017-12-08,0.277,0.394,-8.903,1,0.0336,0.423,0.0,0.0952,0.227,86.777,"['deep talent show', 'hollywood', 'movie tunes']",1,0,0,0,0,0,0,0,0,0,0,0,0,0,0,0,0,0,0,1,1,0,0,0,0,0,0,0,0
29,3ak8BzpcrFeLfiQnrmR5wJ,"My Shot (feat. Busta Rhymes, Joell Ortiz & Nate Ruess) - Rise Up Remix",42,The Roots,False,2016-11-04,0.578,0.965,-4.788,1,0.328,0.107,0.0,0.0984,0.456,94.076,"['alternative hip hop', 'conscious hip hop', 'east coast hip hop', 'hardcore hip hop', 'hip hop', 'philly rap', 'southern hip hop']",0,0,0,0,0,1,1,1,0,1,1,0,0,0,0,0,0,0,0,0,0,1,1,0,0,0,0,0,0
30,1ybJ2itxCxPCPkcA9sOgTO,Satisfied (feat. Miguel & Queen Latifah),55,Sia,False,2016-11-11,0.58,0.544,-7.636,0,0.0697,0.497,0.0,0.168,0.308,123.984,"['australian dance', 'australian pop', 'dance pop', 'pop']",0,0,0,0,0,0,0,0,0,0,0,0,0,0,1,1,0,0,0,0,0,0,0,1,1,0,0,0,0
31,1A2gifkaEngunqZAFHUS0j,First Burn,61,Ari Afsar,False,2018-04-30,0.679,0.472,-6.871,0,0.036,0.343,0.0,0.649,0.346,99.024,[],0,0,0,0,0,0,0,0,0,0,0,0,0,0,0,0,0,0,0,0,0,0,0,0,0,0,0,0,0
32,6SHI6STEW51cQkAXBRpLNj,Your Obedient Servant,61,Leslie Odom Jr.,False,2015-09-25,0.736,0.37,-11.072,1,0.502,0.293,0.0,0.042,0.62,165.908,"['broadway', 'show tunes', 'vocal jazz']",0,1,0,1,1,0,0,0,0,0,0,0,0,0,0,0,0,0,0,0,0,0,0,0,0,0,0,0,0
33,2uCmkJdNMkfa7iic1ZV3uQ,Dope Talent (feat. Logic),41,Dizzy Wright,True,2018-06-01,0.8,0.685,-5.678,0,0.0786,0.161,0.0,0.14,0.565,122.016,"['conscious hip hop', 'deep underground hip hop', 'hip hop', 'indie pop rap', 'pop rap', 'rap', 'southern hip hop', 'trap', 'underground hip hop']",0,0,0,0,0,0,1,0,0,0,1,0,1,0,0,0,1,0,0,0,0,0,1,0,0,1,1,1,1
